X,Y,OBJECTID,YEAR,overed,not_resed
120.4831,24.1043,15884,83,1,0
120.4955,24.08628,16403,82,1,0
120.4955,24.09305,16174,83,1,0
120.498,24.08178,16528,83,1,0
120.5004,24.07953,16578,83,1,0
120.5029,24.07728,16627,82,1,0
120.5078,24.09084,16255,83,1,0
120.5102,24.09085,16256,83,1,0
120.5102,24.09987,16000,82,1,0
120.5102,24.10213,15948,83,1,0
120.5127,24.07957,16582,82,1,0
120.5127,24.08408,16472,82,1,0
120.5127,24.0886,16334,83,1,0
120.5127,24.09085,16257,83,1,0
120.5127,24.09537,16108,83,1,0
120.5126,24.10214,15949,83,1,0
120.5152,24.06377,16903,82,1,0
120.5152,24.06603,16856,82,1,0
120.5152,24.07732,16632,82,1,0
120.5152,24.0886,16335,83,1,0
120.5151,24.09086,16258,83,1,0
120.5151,24.09538,16109,83,1,0
120.5151,24.09763,16055,82,1,0
120.5177,24.05701,17045,82,1,0
120.5177,24.06604,16857,82,1,0
120.5177,24.07733,16633,82,1,0
120.5176,24.08184,16535,82,1,0
120.5176,24.09313,16183,83,1,0
120.5176,24.09538,16110,83,1,0
120.5176,24.09764,16056,83,1,0
120.5176,24.10216,15950,83,1,0
120.5201,24.08636,16413,83,1,0
120.5201,24.09313,16184,83,1,0
120.52,24.09539,16111,83,1,0
120.52,24.09765,16057,83,1,0
120.5226,24.07508,16684,82,1,0
120.5226,24.07734,16635,82,1,0
120.5225,24.08863,16338,83,1,0
120.5225,24.09088,16260,83,1,0
120.5225,24.09314,16185,83,1,0
120.5251,24.05703,17047,82,1,0
120.5251,24.0638,16906,82,1,0
120.5251,24.06832,16811,82,1,0
120.525,24.09089,16261,83,1,0
120.525,24.09315,16186,83,1,0
120.5276,24.0593,17001,82,1,0
120.5275,24.06155,16955,82,1,0
120.5275,24.07736,16637,82,1,0
120.5274,24.09316,16187,83,1,0
120.5299,24.08639,16417,82,1,0
120.5299,24.09091,16263,83,1,0
120.5299,24.09994,16005,83,1,0
120.5324,24.07963,16589,82,1,0
120.5348,24.09544,16117,83,1,0
120.5399,24.05708,17051,82,1,0
120.5398,24.06159,16957,82,1,0
120.5422,24.09546,16120,82,1,0
120.5471,24.09547,16122,82,1,0
120.5643,22.60101,43610,87,1,0
120.6279,24.21533,61169,92,1,0
120.6402,24.20633,61448,91,1,0
120.6676,24.08224,16566,83,1,0
120.6701,24.0845,16513,83,1,0
120.6725,24.10708,15870,83,1,0
120.675,24.08903,16384,82,1,0
120.675,24.09128,16311,82,1,0
120.6774,24.08678,16459,82,1,0
120.6848,24.08453,16516,83,1,0
120.6848,24.08679,16461,83,1,0
121.1752938,24.91543745,48516,91,1,0
121.1828013,24.96960286,79601,94,1,0
121.2077291,25.07339742,98018,93,1,0
121.2226,25.04629,98535,92,1,0
121.225,25.04403,98542,93,1,0
121.2250338,25.04854416,98278,92,1,0
121.2250377,25.05080128,98279,92,1,0
121.2275,25.04403,98553,93,1,0
121.2275117,25.04854028,98283,92,1,0
121.2275195,25.05305452,98285,93,1,0
121.2325,25.04402,98568,93,1,0
121.2349,25.03047,98571,93,1,0
121.2349169,25.03272847,9521,86,1,0
121.2349291,25.03949979,46084,92,1,0
121.2373861,25.02821021,9596,86,1,0
121.2374,25.03047,98580,93,1,0
121.2398677,25.03046317,9554,86,1,0
121.2398719,25.03272025,9523,86,1,0
121.2399,25.03498,98591,93,1,0
121.2423323,25.02368776,9671,86,1,0
121.2423366,25.02594483,9638,86,1,0
121.2423451,25.030459,9555,86,1,0
121.2423579,25.03723027,9465,86,1,0
121.2448225,25.03045478,9556,86,1,0
121.2448,25.03271,98610,93,1,0
121.2448312,25.03496895,9489,86,1,0
121.2448355,25.03722606,9466,86,1,0
121.247247,25.00336556,9949,89,1,0
121.2472868,25.02367933,9672,86,1,0
121.2473,25.02594,98617,93,1,0
121.2472956,25.02819348,9599,86,1,0
121.2473,25.03271,98620,93,1,0
121.2473087,25.03496473,194,87,1,0
121.2497551,25.01916094,97788,93,1,0
121.2498,25.02368,98627,92,1,0
121.2497685,25.02593217,9640,86,1,0
121.2497729,25.02818926,9600,86,1,0
121.2547047,25.01689525,97807,92,1,0
121.2572049,25.02817635,9602,86,1,0
121.2596,25.00786,100229,93,1,0
121.2646,25.01011,100251,93,1,0
121.2795975,25.07102083,9173,85,1,0
121.287,25.07326,99714,92,1,0
121.4139,23.71859,4193,91,1,0
120.1952,22.92694,37374,85,1,1
120.2026,22.90666,110116,95,1,1
120.2085,23.15728,32255,83,1,1
120.2117,23.44625,66322,91,1,1
120.2172,22.91351,37673,85,1,1
120.219,23.02639,35537,82,1,1
120.2249,22.85259,110153,95,1,1
120.226,23.08512,34481,83,1,1
120.2298,22.85261,117558,95,1,1
120.2295,22.90228,126825,95,1,1
120.2318,22.93164,37252,85,1,1
120.2289,23.4373,66456,91,1,1
120.2384,23.04455,35252,82,1,1
120.242,22.83687,117594,96,1,1
120.2385,23.45541,66181,91,1,1
120.2445,22.83237,71900,94,1,1
120.2445,22.83462,126856,96,1,1
120.2439,22.9475,36875,85,1,1
120.2463,22.93848,37095,85,1,1
120.2486,22.96558,36532,85,1,1
120.2517,22.84595,110236,95,1,1
120.2532,23.01527,35682,82,1,1
120.262,22.75342,111265,95,1,1
120.2616,22.81213,72221,95,1,1
120.2609,22.95209,36786,85,1,1
120.2587,23.34715,119607,96,1,1
120.2645,22.73537,126905,95,1,1
120.2641,22.80762,136429,96,1,1
120.2663,22.84601,127423,95,1,1
120.2663,22.85279,136407,96,1,1
120.2653,23.04467,35260,82,1,1
120.2637,23.33589,28370,83,1,1
120.269,22.8099,127450,95,1,1
120.2677,23.05372,35105,82,1,1
120.2715,22.78056,127498,95,1,1
120.2715,22.78959,134897,95,1,1
120.2715,22.79637,127500,95,1,1
120.2704,22.98826,36100,85,1,1
120.2701,23.05373,35106,82,1,1
120.272,23.14856,68334,92,1,1
120.272,23.15533,68238,92,1,1
120.2744,23.15308,68273,91,1,1
120.2744,23.15534,68239,92,1,1
120.2744,23.16211,68151,91,1,1
120.2785,22.84381,111119,95,1,1
120.2765,23.22985,67587,92,1,1
120.2838,22.76707,134921,95,1,1
120.2836,22.80319,127455,95,1,1
120.2836,22.80545,127456,95,1,1
120.2862,22.76482,134926,95,1,1
120.2859,22.83255,111142,95,1,1
120.2858,22.83933,111144,95,1,1
120.2858,22.84159,111145,95,1,1
120.2817,23.62042,5127,91,1,1
120.2851,23.44209,111404,95,1,1
120.2888,23.21636,82675,92,1,1
120.2959,22.7739,136441,96,1,1
120.2902,23.85973,129999,95,1,1
120.2982,22.80777,118179,96,1,1
120.2982,22.81455,118181,96,1,1
120.3005,22.83036,127433,96,1,1
120.3003,22.87777,71978,95,1,1
120.3032,22.77619,127513,95,1,1
120.3029,22.83037,127434,96,1,1
120.3055,22.81232,118195,96,1,1
120.3023,23.42636,118875,96,1,1
120.3081,23.7176,24479,87,1,1
120.3155,22.74689,117713,96,1,1
120.3151,22.83494,72160,95,1,1
120.3132,23.21195,82760,92,1,1
120.3177,22.80786,127479,95,1,1
120.3279,22.69953,134674,95,1,1
120.3272,22.84628,72188,94,1,1
120.327,22.89369,127337,95,1,1
120.3263,23.02914,84066,92,1,1
120.33,22.76727,72373,94,1,1
120.33,22.7763,8030,91,1,1
120.3333,22.59569,110578,95,1,1
120.3327,22.71761,110355,95,1,1
120.3304,23.19622,83100,92,1,1
120.3358,22.59119,110579,95,1,1
120.3373,22.77182,8056,91,1,1
120.3371,22.826,134878,95,1,1
120.3406,22.59798,127000,95,1,1
120.3426,22.68153,134711,95,1,1
120.3455,22.58446,134775,95,1,1
120.3419,23.33172,120162,96,1,1
120.3411,23.50554,137825,97,1,1
120.3478,22.6093,134757,95,1,1
120.3474,22.69283,117721,95,1,1
120.3418,23.85319,113449,95,1,1
120.3503,22.61157,117777,95,1,1
120.346,23.48976,118698,96,1,1
120.3463,23.92093,113191,95,1,1
120.3548,22.67932,126952,95,1,1
120.3548,22.68383,134725,95,1,1
120.3625,22.58904,127081,95,1,1
120.3617,22.76288,8149,91,1,1
120.365,22.58679,134782,95,1,1
120.3696,22.64551,110454,95,1,1
120.3632,23.9955,129133,95,1,1
120.3684,23.4289,72669,94,1,1
120.3659,23.93005,129481,95,1,1
120.3745,22.6365,134740,95,1,1
120.368,24.00455,130300,95,1,1
120.3711,23.8804,121060,96,1,1
120.3793,22.632,126970,95,1,1
120.3736,23.8759,129917,95,1,1
120.3759,23.89171,129921,95,1,1
120.3781,23.95718,112972,95,1,1
120.3869,22.56881,110688,95,1,1
120.386,22.76524,8136,91,1,1
120.3894,22.56882,110689,95,1,1
120.3831,23.94592,129496,96,1,1
120.3917,22.58012,127093,95,1,1
120.3879,23.97077,112995,95,1,1
120.3967,22.56433,134791,95,1,1
120.3941,23.14681,83586,92,1,1
120.39,24.04527,113607,95,1,1
120.3991,22.5666,127125,95,1,1
120.3988,22.63434,126981,96,1,1
120.4015,22.56435,110694,95,1,1
120.4015,22.56661,110695,95,1,1
120.3953,23.95499,129392,95,1,1
120.4041,22.52146,81875,93,1,1
120.4063,22.57792,110632,95,1,1
120.4063,22.58017,117862,95,1,1
120.4063,22.58921,110634,95,1,1
120.4062,22.60501,127038,96,1,1
120.3998,24.03628,113638,95,1,1
120.4088,22.57115,110700,95,1,1
120.4025,23.98888,129201,95,1,1
120.4074,23.44486,72756,95,1,1
120.4073,23.46969,72556,95,1,1
120.4049,24.00244,121781,96,1,1
120.4138,22.52827,81763,93,1,1
120.4076,23.95053,113025,96,1,1
120.4076,23.95278,120813,96,1,1
120.4147,23.46746,118797,96,1,1
120.4235,22.55088,110729,95,1,1
120.417,24.03634,75121,95,1,1
120.4224,23.38171,119532,96,1,1
120.433,22.60737,110573,96,1,1
120.4345,23.41561,73132,94,1,1
120.4319,24.00028,75150,95,1,1
120.4318,24.04317,121595,96,1,1
120.4343,24.03415,121602,96,1,1
120.4425,22.64353,81513,93,1,1
120.4425,22.65481,81324,93,1,1
120.4387,23.57591,74179,94,1,1
120.4469,22.76094,82573,93,1,1
120.4494,22.76095,82581,93,1,1
120.4443,23.98001,74863,95,1,1
120.444,24.04999,113552,95,1,1
120.4503,23.12444,118344,96,1,1
120.4597,22.61423,43306,85,1,1
120.4549,23.80623,21771,87,1,1
120.4589,23.42699,72869,94,1,1
120.4588,23.44053,111479,95,1,1
120.4648,22.54426,44385,85,1,1
120.4626,23.11094,118486,96,1,1
120.4692,22.65716,81432,93,1,1
120.4692,22.66619,81434,93,1,1
120.4681,22.95744,134815,95,1,1
120.4633,24.14035,15131,83,1,1
120.4688,23.39541,119583,96,1,1
120.4684,24.10651,15824,83,1,1
120.4684,24.10876,15776,83,1,1
120.4757,22.87619,82075,93,1,1
120.4711,24.02751,121719,96,1,1
120.4711,24.02977,121720,96,1,1
120.4711,24.03428,121722,96,1,1
120.4781,22.88297,82081,93,1,1
120.4753,23.6099,128919,95,1,1
120.4737,24.01397,113780,95,1,1
120.4733,24.10652,15826,83,1,1
120.4783,23.45414,127750,95,1,1
120.4774,23.6844,84674,93,1,1
120.479,23.90564,74948,94,1,1
120.4863,22.6369,81644,93,1,1
120.4909,22.72948,41410,83,1,1
120.4882,23.44289,127891,95,1,1
120.4885,23.98468,136510,96,1,1
120.488,24.10883,15784,83,1,1
120.488,24.12237,15476,83,1,1
120.4914,23.88762,19661,85,1,1
120.4908,24.02306,17899,83,1,1
120.4908,24.02983,17737,83,1,1
120.4907,24.04789,17250,83,1,1
120.4946,23.67543,84734,93,1,1
120.4932,24.05016,17195,83,1,1
120.4957,24.02082,17948,83,1,1
120.4956,24.06822,16799,83,1,1
120.5031,22.70694,81020,93,1,1
120.5,23.55355,85208,94,1,1
120.5055,23.40005,111646,95,1,1
120.5031,24.03213,17677,83,1,1
120.5111,22.51054,44872,85,1,1
120.508,24.03666,17555,83,1,1
120.5079,24.04569,17308,83,1,1
120.5079,24.05924,16994,82,1,1
120.5079,24.06826,16804,82,1,1
120.5078,24.09535,16106,83,1,1
120.5104,24.05247,17147,83,1,1
120.5104,24.05473,17094,82,1,1
120.5103,24.07279,16719,82,1,1
120.5102,24.10439,15893,83,1,1
120.513,24.01185,18150,83,1,1
120.5128,24.05925,16996,82,1,1
120.5128,24.06602,16855,82,1,1
120.5127,24.09988,16001,83,1,1
120.5203,22.67313,8449,88,1,1
120.5202,22.68442,8402,88,1,1
120.517,23.58295,75940,94,1,1
120.5155,24.0096,18183,83,1,1
120.5151,24.10666,15841,83,1,1
120.5251,22.67089,42431,89,1,1
120.5222,23.49943,131696,95,1,1
120.5275,22.68218,8416,88,1,1
120.5234,23.85837,77521,94,1,1
120.5299,22.70476,41842,88,1,1
120.5264,23.6981,62936,92,1,1
120.5249,24.10218,15953,83,1,1
120.5323,22.72509,86837,93,1,1
120.5319,22.83798,39194,87,1,1
120.5278,23.98932,90846,93,1,1
120.5277,24.02318,17913,83,1,1
120.5276,24.05704,17048,82,1,1
120.5348,22.70026,8339,88,1,1
120.5345,22.76799,40750,83,1,1
120.5305,23.93515,18859,85,1,1
120.5301,24.04802,17265,83,1,1
120.53,24.06382,16908,82,1,1
120.5372,22.69124,42061,88,1,1
120.5356,23.88324,132027,95,1,1
120.543,22.42709,85856,93,1,1
120.5425,22.55579,87560,93,1,1
120.5454,22.44064,85874,93,1,1
120.5446,22.66869,42476,88,1,1
120.5446,22.67772,8432,88,1,1
120.5399,24.03902,17501,83,1,1
120.547,22.69127,130772,95,1,1
120.5469,22.70933,130595,95,1,1
120.5437,23.66655,89835,93,1,1
120.5423,24.05257,17158,83,1,1
120.5423,24.05708,17052,82,1,1
120.5493,22.71385,8242,88,1,1
120.5456,23.82458,20998,85,1,1
120.545,23.99388,90892,93,1,1
120.5449,24.0142,18121,83,1,1
120.5518,22.70709,8291,88,1,1
120.5474,23.99841,91715,93,1,1
120.5474,24.00518,91718,93,1,1
120.5474,24.01647,18071,83,1,1
120.5548,22.51518,88236,93,1,1
120.5548,22.52873,87916,93,1,1
120.5543,22.67323,71019,88,1,1
120.5499,24.00519,91722,93,1,1
120.5498,24.01873,18019,83,1,1
120.5569,22.62357,43158,87,1,1
120.5524,23.98713,90912,93,1,1
120.5519,24.13386,15259,89,1,1
120.5591,22.70711,8294,88,1,1
120.5589,22.75903,88783,93,1,1
120.5588,22.79741,7900,88,1,1
120.5548,23.99617,62291,92,1,1
120.5624,22.42037,71834,92,1,1
120.5618,22.6281,43063,87,1,1
120.5615,22.70486,8317,88,1,1
120.5573,24.00069,91727,93,1,1
120.5645,22.53327,87959,93,1,1
120.5599,23.93298,18913,85,1,1
120.5628,23.82012,21201,85,1,1
120.5619,24.09326,16196,82,1,1
120.5688,22.71165,8260,88,1,1
120.5688,22.71391,8244,88,1,1
120.5688,22.71842,8223,88,1,1
120.5663,23.48828,131016,95,1,1
120.5647,23.99394,90943,93,1,1
120.5646,23.99846,91732,93,1,1
120.5722,22.3933,86440,93,1,1
120.5713,22.69134,42070,89,1,1
120.5713,22.70037,8345,88,1,1
120.5712,22.71391,8245,88,1,1
120.5711,22.74778,88815,93,1,1
120.5711,22.75004,88816,93,1,1
120.5668,24.08199,16541,82,1,1
120.5668,24.08424,16482,82,1,1
120.5742,22.53556,87994,93,1,1
120.5737,22.6936,42025,89,1,1
120.5737,22.71844,130652,95,1,1
120.5736,22.75004,88824,92,1,1
120.5792,22.49267,71543,92,1,1
120.5787,22.64846,42805,89,1,1
120.5786,22.70265,122662,95,1,1
120.5785,22.71393,8246,88,1,1
120.5785,22.72071,70761,91,1,1
120.581,22.70717,41821,88,1,1
120.581,22.71846,41641,88,1,1
120.5778,23.7276,89061,93,1,1
120.5834,22.70266,41880,88,1,1
120.5866,22.46785,85732,93,1,1
120.5816,24.08654,16426,82,1,1
120.5892,22.40915,86277,93,1,1
120.584,24.08204,16542,82,1,1
120.5916,22.40916,86288,93,1,1
120.5931,22.71849,87083,93,1,1
120.5901,23.71635,62792,92,1,1
120.5889,24.08882,16354,82,1,1
120.5882,24.30778,58873,91,1,1
120.598,22.71624,70785,92,1,1
120.5942,23.96468,91224,93,1,1
120.5942,23.96919,91226,93,1,1
120.6004,22.71851,87090,93,1,1
120.5962,24.10464,15915,89,1,1
120.5987,24.10465,15916,89,1,1
120.6012,24.10465,15917,89,1,1
120.6077,22.73207,87012,93,1,1
120.6104,22.61918,87304,93,1,1
120.6073,23.71188,89346,93,1,1
120.6061,24.10241,15972,89,1,1
120.6091,23.91054,76882,94,1,1
120.6156,22.5176,88483,93,1,1
120.6102,24.36201,2652,91,1,1
120.6141,23.88798,115394,95,1,1
120.614,23.9399,91399,93,1,1
120.6137,24.03245,62097,92,1,1
120.6203,22.56276,71286,92,1,1
120.6176,24.38235,2233,91,1,1
120.6199628,24.40041095,1891,91,1,1
120.6271,22.75018,41019,89,1,1
120.6238,23.91961,76940,94,1,1
120.6259,24.05731,17056,89,1,1
120.6279,24.21307,61241,91,1,1
120.6279,24.21759,61101,92,1,1
120.6273641,24.3981721,1934,91,1,1
120.6332,24.08216,16557,89,1,1
120.6328,24.20631,61445,91,1,1
120.6322154,24.42527145,1477,91,1,1
120.6357,24.08217,16558,89,1,1
120.6353,24.2018,61542,91,1,1
120.6353,24.20406,61497,91,1,1
120.6353,24.20632,61446,91,1,1
120.6353,24.20857,91642,93,1,1
120.6348,24.39368,2020,91,1,1
120.6381,24.08217,16559,89,1,1
120.6378,24.21084,61320,91,1,1
120.6377,24.21309,61245,91,1,1
120.641,23.93996,76544,94,1,1
120.6408,24.0122,62164,92,1,1
120.6402,24.20859,61390,91,1,1
120.6402,24.21761,91644,93,1,1
120.6434,23.93771,76551,94,1,1
120.6427,24.20859,61391,91,1,1
120.6426,24.23342,60689,91,1,1
120.6483,23.95127,76280,95,1,1
120.6476,24.21086,61324,91,1,1
120.6476,24.21312,61249,91,1,1
120.6476,24.21537,61177,91,1,1
120.6508,23.95353,76286,95,1,1
120.6501,24.21312,61250,91,1,1
120.6557,23.94903,76300,95,1,1
120.6553,24.08447,16508,83,1,1
120.6578,24.08673,16451,83,1,1
120.6578,24.09125,16304,83,1,1
120.6627,24.089,16379,83,1,1
120.6621,24.29441,3563,91,1,1
120.6652,24.08223,16565,83,1,1
120.6676,24.10481,15923,83,1,1
120.6794,22.22421,122103,96,1,1
120.6794,22.22873,122105,96,1,1
120.6745,24.27864,92493,92,1,1
120.6829,23.85653,77926,95,1,1
120.692,22.02328,75551,95,1,1
120.6946,24.12067,15561,83,1,1
120.697,24.11616,15669,83,1,1
120.6996,24.07779,16665,89,1,1
120.6995,24.11165,132670,95,1,1
120.7015,24.31256,14547,90,1,1
120.7064,24.31031,58836,91,1,1
120.7093,24.13424,132628,95,1,1
120.7118,24.1049,132675,95,1,1
120.7114,24.31032,14586,90,1,1
120.7142,24.15005,132618,95,1,1
120.7211,22.02107,75685,94,1,1
120.7164,24.27647,116064,95,1,1
120.7233,22.10236,75250,95,1,1
120.7191,24.13877,132640,95,1,1
120.7213,24.27648,116067,95,1,1
120.7241,24.10718,132695,95,1,1
120.7266,24.1117,132701,95,1,1
120.7262,24.27874,132731,95,1,1
120.729,24.10719,132707,95,1,1
120.7289,24.15459,135965,95,1,1
120.7388,24.12527,132655,95,1,1
120.7453,22.00982,122078,96,1,1
120.7453,22.03692,130535,95,1,1
120.7413,24.12978,132659,95,1,1
120.7406601,24.44129761,92298,93,1,1
120.7574,21.98726,123136,96,1,1
120.7599,21.985,123143,96,1,1
120.7629312,24.39844809,56834,91,1,1
120.7677745,24.44585584,93387,93,1,1
120.8007,22.23118,123545,96,1,1
120.8001,24.25854,60173,91,1,1
120.805,24.26532,60051,91,1,1
120.8123,24.34208,14164,90,1,1
120.8123,24.34659,14121,90,1,1
120.8228,22.03702,124057,96,1,1
120.8228,22.03928,124058,96,1,1
120.8252,22.03928,124064,96,1,1
120.8222,24.31952,14432,89,1,1
120.8276,22.05735,123967,96,1,1
120.8247,24.30598,14642,89,1,1
120.8269043,24.48205067,13636,89,1,1
120.8296,24.29921,14715,89,1,1
120.8396,24.20667,61469,91,1,1
120.8395,24.30148,14697,89,1,1
120.8518,24.31729,14484,89,1,1
120.8517,24.38501,13900,90,1,1
120.8593,24.15703,61921,91,1,1
120.8636723,24.6942698,94129,93,1,1
120.8636483,24.71684226,93742,93,1,1
120.8665,24.35568,14065,89,1,1
120.8661384,24.69878658,93744,93,1,1
120.8695,23.86809,133058,95,1,1
120.8694,23.87261,133059,95,1,1
120.8694,23.87712,116562,95,1,1
120.8719,23.87487,132983,95,1,1
120.8744,23.87487,132984,95,1,1
120.8735464,24.70330768,93777,93,1,1
120.8864,24.16382,61900,91,1,1
120.8913,24.16383,61902,91,1,1
120.9131195,24.63336014,53857,91,1,1
120.9259,23.93134,116369,95,1,1
120.9452,24.72141,133423,95,1,1
120.9477,24.72818,133397,95,1,1
120.9575045,24.85684609,49861,92,1,1
120.9723529,24.83427763,50569,92,1,1
120.9847136,24.88619464,49338,92,1,1
120.9871826,24.9335944,47885,92,1,1
120.9896575,24.93810884,47743,92,1,1
120.9921375,24.87716666,49490,92,1,1
120.9946,23.97424,116214,95,1,1
120.9946,24.69433,125079,96,1,1
121.0020341,24.82525181,50870,92,1,1
121.0020343,24.85910962,11303,89,1,1
121.0069818,24.85233797,49988,91,1,1
121.0117,22.61514,43344,87,1,1
121.0168765,24.84782284,50133,92,1,1
121.029262,24.91779191,48408,92,1,1
121.0416368,24.91327493,10952,89,1,1
121.0458,22.68513,42243,87,1,1
121.0490809,24.96067362,47108,92,1,1
121.0491065,25.03064793,198,88,1,1
121.0515,24.70561,125334,96,1,1
121.0540615,25.03064628,199,88,1,1
121.0564,24.78687,133826,95,1,1
121.056498,24.93584182,47833,92,1,1
121.0589,24.71012,133549,95,1,1
121.0589,24.76655,133878,95,1,1
121.0614526,24.94261159,47624,92,1,1
121.0614538,24.94486879,47548,92,1,1
121.0639426,24.96969725,46915,91,1,1
121.0886,24.76428,136233,95,1,1
121.0886292,24.86585395,49692,91,1,1
121.0911258,24.89519613,49084,92,1,1
121.0936376,24.94259585,47635,92,1,1
121.0985593,24.90647751,48780,92,1,1
121.0986762,25.05319245,79730,94,1,1
121.1009,24.72364,116930,96,1,1
121.1011363,25.03062025,79966,94,1,1
121.101149,25.04641946,79973,94,1,1
121.1011527,25.0509335,9305,88,1,1
121.1018,22.71898,41642,85,1,1
121.1036141,25.03061835,79977,94,1,1
121.1084981,24.94935784,47441,92,1,1
121.1109361,24.90872629,48725,92,1,1
121.1109572,24.93129843,48002,91,1,1
121.1109593,24.93355564,47922,91,1,1
121.1182,24.71911,125438,96,1,1
121.1208014,24.8748607,49533,91,1,1
121.1258764,24.99448777,279,91,1,1
121.128329,24.97191449,319,91,1,1
121.1308102,24.97642673,46794,92,1,1
121.1332004,24.89967962,48977,92,1,1
121.1332131,24.91096573,48656,92,1,1
121.1357011,24.92224968,48305,92,1,1
121.1357037,24.9245069,48226,92,1,1
121.1357321,24.94933628,47452,92,1,1
121.1357475,24.96287947,47084,91,1,1
121.135867,25.07121678,79776,94,1,1
121.1379,24.70781,125481,96,1,1
121.1382105,24.95159129,47385,91,1,1
121.138221,24.96062009,47141,91,1,1
121.140574,24.85678613,49886,91,1,1
121.140689,24.95384627,47324,92,1,1
121.1431239,24.91998567,48368,92,1,1
121.1456571,24.9673849,79550,95,1,1
121.1456626,24.97189927,10256,83,1,1
121.1457282,25.02606802,80143,94,1,1
121.1481193,24.95609656,47265,92,1,1
121.1481332,24.96738258,10313,83,1,1
121.1481499,24.98092559,46706,92,1,1
121.1481527,24.98318273,10153,87,1,1
121.1506008,24.96060861,47146,92,1,1
121.1506093,24.96738022,10314,83,1,1
121.1530332,24.92674774,96098,93,1,1
121.1530854,24.96737781,10315,83,1,1
121.1553467,24.80259799,97405,92,1,1
121.1555204,24.93577419,96102,93,1,1
121.1555468,24.95608929,47268,92,1,1
121.1556661,25.04862686,9334,87,1,1
121.1579686,24.91545651,96294,93,1,1
121.1580286,24.96060125,47149,92,1,1
121.1580345,24.96511569,10345,83,1,1
121.1580464,24.97414448,10239,83,1,1
121.1604436,24.91545391,48514,91,1,1
121.1604621,24.92899735,48086,91,1,1
121.1604651,24.93125459,48019,91,1,1
121.1604743,24.93802632,47798,91,1,1
121.1605256,24.97639916,10221,83,1,1
121.1605286,24.97865634,10203,83,1,1
121.1629374,24.92899472,96106,92,1,1
121.1629835,24.96285338,79566,94,1,1
121.1629957,24.97188224,10263,83,1,1
121.1654873,24.98316558,79391,94,1,1
121.1655149,25.00347953,80478,94,1,1
121.1677451,24.82741429,97035,93,1,1
121.1679636,24.98316295,10156,83,1,1
121.1679947,25.00573401,9909,83,1,1
121.1680727,25.06441444,98135,92,1,1
121.1703307,24.90641413,96312,92,1,1
121.1703339,24.90867137,96313,92,1,1
121.1703794,24.94027287,47737,92,1,1
121.1704114,24.9628454,10375,85,1,1
121.1726,24.72809,133515,96,1,1
121.1726785,24.81837966,97440,93,1,1
121.1728873,24.96284265,10376,83,1,1
121.1729067,24.97638598,79413,94,1,1
121.1730335,25.06892386,98148,92,1,1
121.1778491,24.96960871,79596,94,1,1
121.1779049,25.00798041,80532,94,1,1
121.1801585,24.85900091,96779,92,1,1
121.1802473,24.91768886,96331,93,1,1
121.1802508,24.91994611,96332,92,1,1
121.1804511,25.05763077,46025,91,1,1
121.1804818,25.08020169,45928,92,1,1
121.1827809,24.95605937,96056,93,1,1
121.1828844,25.02603067,9636,90,1,1
121.1828908,25.03054453,98395,92,1,1
121.1852739,24.96734263,334,88,1,1
121.185315,24.99442913,10054,83,1,1
121.1853774,25.03731255,98408,93,1,1
121.1854279,25.07342496,97946,92,1,1
121.1903,24.98314,117107,95,1,1
121.1904075,25.08921857,97958,92,1,1
121.1924808,24.82964163,50765,92,1,1
121.1926301,24.92218802,96137,93,1,1
121.1927056,24.96959051,79611,94,1,1
121.1927163,24.97636221,10228,83,1,1
121.1927446,24.99441986,10057,83,1,1
121.1928823,25.08695853,97964,92,1,1
121.1922,23.01693,35707,85,1,1
121.1923,23.04176,35370,83,1,1
121.1950644,24.89735508,96357,93,1,1
121.1950904,24.91315579,96360,93,1,1
121.1951163,24.9289566,96150,93,1,1
121.1952,24.9899,133710,96,1,1
121.1952353,25.00344538,9946,88,1,1
121.1953,25.03279,98446,92,1,1
121.1953,25.0373,98448,93,1,1
121.1953534,25.08244146,97971,92,1,1
121.1976175,24.94475421,96166,93,1,1
121.1976212,24.94701148,96167,93,1,1
121.1976687,24.97635571,79503,94,1,1
121.2002,25.01924,126276,96,1,1
121.2002,25.03504,98463,92,1,1
121.2003172,25.08694915,97994,93,1,1
121.2003209,25.08920615,97995,93,1,1
121.2024616,24.88154458,96554,92,1,1
121.202546,24.93120393,96178,93,1,1
121.202565,24.94249025,47671,92,1,1
121.2027,25.03503,98472,92,1,1
121.2027,25.04406,98476,92,1,1
121.202738,25.05083348,98222,93,1,1
121.2027584,25.064376,98226,93,1,1
121.2051125,24.98537438,10145,89,1,1
121.2051567,25.01246035,248,88,1,1
121.2052019,25.04180189,46081,92,1,1
121.2052,25.04406,98485,93,1,1
121.205251,25.07340076,98009,92,1,1
121.2052663,25.08242867,98012,92,1,1
121.2073281,24.83413622,97146,92,1,1
121.2076,24.96957,126090,96,1,1
121.2077,25.03051,98488,92,1,1
121.2077103,25.06211241,98242,93,1,1
121.207714,25.06436946,98243,93,1,1
121.2077446,25.08242531,98022,93,1,1
121.2100306,24.96505233,10354,87,1,1
121.2100422,24.97182402,10267,88,1,1
121.21,24.97634,126074,96,1,1
121.2101,24.9786,133722,96,1,1
121.2100881,24.99891046,275,88,1,1
121.2123792,24.89281693,96576,93,1,1
121.2123832,24.89507416,49113,92,1,1
121.2124195,24.9153893,96393,93,1,1
121.2125144,24.9695632,10300,87,1,1
121.2125,24.97633,126075,96,1,1
121.2126,25.04179,98502,92,1,1
121.2126,25.04405,98503,92,1,1
121.2126,25.04631,98504,92,1,1
121.2126556,25.05533407,98254,92,1,1
121.215,24.9673,126097,96,1,1
121.215,24.9831,126076,96,1,1
121.215,24.98987,133736,96,1,1
121.2150642,25.01244592,250,88,1,1
121.2150975,25.03275954,46115,92,1,1
121.2151,25.03953,98507,92,1,1
121.2151263,25.05081629,98260,93,1,1
121.2173284,24.89280977,49192,92,1,1
121.2173325,24.895067,49115,92,1,1
121.2173573,24.90861039,96404,93,1,1
121.2175,24.9673,126098,96,1,1
121.2176,25.0305,98511,92,1,1
121.2175748,25.03275585,46116,92,1,1
121.2175785,25.03501292,46107,92,1,1
121.2176,25.03727,98512,92,1,1
121.2176,25.03953,98513,92,1,1
121.2176077,25.05306975,98269,93,1,1
121.2176188,25.05984106,98271,92,1,1
121.2176226,25.06209816,98272,92,1,1
121.2197821,24.88152003,96597,93,1,1
121.2199,24.96729,126101,96,1,1
121.2199,24.97181,126103,96,1,1
121.2201,25.04404,98524,92,1,1
121.2224,24.97406,133751,96,1,1
121.2225,25.00792,98674,92,1,1
121.2225,25.02598,98527,92,1,1
121.2225,25.03049,98529,92,1,1
121.2249641,25.00791648,260,88,1,1
121.224972,25.01243068,251,88,1,1
121.2249799,25.01694487,9758,88,1,1
121.2275,25.04177,98552,92,1,1
121.23,25.03725,98561,92,1,1
121.2300054,25.0575648,98290,93,1,1
121.2300682,25.09142035,98074,93,1,1
121.2324917,25.06207503,98294,93,1,1
121.2324958,25.06433212,98295,93,1,1
121.2347433,24.94018515,10660,82,1,1
121.2349,25.03499,98573,93,1,1
121.2349,25.03724,98574,92,1,1
121.2374,25.03498,98581,93,1,1
121.2397121,24.94920604,79647,95,1,1
121.2399,25.02821,98588,93,1,1
121.2421833,24.94694476,10564,82,1,1
121.242276,24.99434549,79536,95,1,1
121.2423494,25.03271608,9524,86,1,1
121.2445257,24.88148143,96660,93,1,1
121.2449003,25.07108288,98315,92,1,1
121.2449817,25.11170944,97883,92,1,1
121.2469954,24.87922015,49473,92,1,1
121.2470048,24.88373456,49409,92,1,1
121.2472381,24.99885135,9999,90,1,1
121.2472426,25.00110846,79711,95,1,1
121.2472514,25.00562266,79712,95,1,1
121.2472559,25.00787976,9877,89,1,1
121.2472603,25.01013686,97777,92,1,1
121.2472736,25.01690811,46189,92,1,1
121.24955,24.91758857,96475,93,1,1
121.2497327,25.00787552,97783,92,1,1
121.2497372,25.01013261,97784,93,1,1
121.2499354,25.10944411,97893,93,1,1
121.24994,25.11170115,97894,92,1,1
121.2499493,25.11621523,97896,92,1,1
121.2522096,25.00787123,97792,92,1,1
121.2522186,25.01238541,97794,93,1,1
121.2522232,25.01464249,97795,92,1,1
121.2522277,25.01689958,97796,93,1,1
121.2524004,25.10266878,97899,92,1,1
121.254481,24.90855135,48740,92,1,1
121.2546,24.96498,126124,96,1,1
121.2548558,25.09137931,98098,92,1,1
121.2548983,25.11169269,97903,93,1,1
121.2573,25.08686,99618,92,1,1
121.2573,25.09589,99622,92,1,1
121.2573,25.09815,99372,92,1,1
121.2574,25.10717,99375,92,1,1
121.2596822,25.028172,9603,85,1,1
121.2597754,25.0733142,9161,83,1,1
121.2597991,25.08459947,9117,85,1,1
121.2598,25.08911,99628,92,1,1
121.2598,25.09588,99631,92,1,1
121.2598614,25.11394114,45858,92,1,1
121.2621,25.0214,100245,93,1,1
121.262169,25.03268183,9529,83,1,1
121.2621737,25.03493893,9493,85,1,1
121.2622491,25.07105271,9169,85,1,1
121.2623,25.08234,99635,92,1,1
121.2622777,25.08459505,9118,85,1,1
121.2622825,25.0868521,9111,85,1,1
121.2623,25.09588,99641,93,1,1
121.2623,25.10039,99387,92,1,1
121.2623163,25.10265145,45880,92,1,1
121.2646,24.99205,98926,93,1,1
121.2646,25.01913,100254,92,1,1
121.2646,25.02139,100255,92,1,1
121.2646,25.02591,100127,93,1,1
121.2646368,25.02816319,9605,83,1,1
121.2647226,25.06879117,9183,86,1,1
121.2647274,25.07104825,9170,85,1,1
121.264737,25.07556238,9153,85,1,1
121.2647418,25.07781944,9143,86,1,1
121.2647467,25.08007649,9135,83,1,1
121.2648,25.08459,99645,93,1,1
121.2648,25.11393,99396,92,1,1
121.2671,25.01687,100264,93,1,1
121.2671865,25.06201544,9225,83,1,1
121.267201,25.06878669,9184,83,1,1
121.2672058,25.07104376,9171,85,1,1
121.2672203,25.07781495,9144,86,1,1
121.2693,24.90401,99072,93,1,1
121.2695,24.99881,100266,93,1,1
121.2695622,25.01461163,46203,92,1,1
121.2696549,25.05749674,9259,83,1,1
121.2696597,25.05975384,9240,83,1,1
121.2696646,25.06201094,9226,83,1,1
121.2696695,25.06426803,9212,86,1,1
121.2696744,25.0665251,9198,83,1,1
121.2698,25.10941,99406,92,1,1
121.2698,25.11392,99408,92,1,1
121.272,24.98301,126288,96,1,1
121.272,25.01235,100280,92,1,1
121.2720984,25.04169242,9416,83,1,1
121.2721379,25.0597493,9241,83,1,1
121.2721428,25.06200639,9227,83,1,1
121.2721526,25.06652055,9199,86,1,1
121.2722,25.06878,99979,92,1,1
121.2721625,25.0710347,45974,92,1,1
121.2721674,25.07329176,9164,85,1,1
121.2722,25.10263,99411,93,1,1
121.2707,23.24483,7131,91,1,1
121.2745,25.00557,100284,92,1,1
121.2745,25.00783,100285,93,1,1
121.2745,25.01686,126403,96,1,1
121.274576,25.04168786,9417,83,1,1
121.274611,25.05748762,9260,85,1,1
121.2746259,25.06425889,9214,85,1,1
121.2746309,25.06651596,9200,85,1,1
121.2746359,25.06877303,9186,86,1,1
121.2746409,25.0710301,45975,92,1,1
121.2746458,25.07328716,9165,83,1,1
121.277,25.01008,126405,96,1,1
121.277,25.02137,134268,95,1,1
121.2771041,25.06425427,9215,85,1,1
121.2771,25.06651,99992,93,1,1
121.2771192,25.07102548,9172,83,1,1
121.2771242,25.07328254,9166,83,1,1
121.2771293,25.07553959,9158,83,1,1
121.2794,24.99202,126293,96,1,1
121.2795415,25.04619287,9368,85,1,1
121.2796,25.05296,99993,92,1,1
121.279562,25.05522128,9276,85,1,1
121.2795823,25.06424963,9216,86,1,1
121.2796077,25.07553493,9159,83,1,1
121.2819,25.00782,126411,96,1,1
121.2820193,25.0461882,9369,83,1,1
121.2820296,25.05070241,9322,85,1,1
121.282,25.05747,99997,93,1,1
121.2820502,25.05973078,9243,85,1,1
121.2821,25.08004,99704,92,1,1
121.2843,24.97847,126298,96,1,1
121.2844,25.01684,134282,95,1,1
121.2845127,25.05295479,9299,83,1,1
121.2845179,25.05521189,9277,85,1,1
121.2845231,25.05746897,9262,85,1,1
121.2845335,25.06198314,9229,83,1,1
121.2845439,25.06649728,9202,83,1,1
121.284549,25.06875434,9189,83,1,1
121.2845748,25.08003959,45930,92,1,1
121.2865347,24.85883457,49850,92,1,1
121.2866,24.90398,99104,93,1,1
121.286649,24.90623569,48813,92,1,1
121.2869,25.02361,134192,95,1,1
121.286959,25.03940741,9452,85,1,1
121.2869906,25.05295004,9300,83,1,1
121.2870011,25.05746421,9263,85,1,1
121.2870273,25.06874958,9190,83,1,1
121.287,25.07552,99715,93,1,1
121.2870481,25.07777778,45940,92,1,1
121.2893,24.96266,126348,96,1,1
121.2894632,25.05068814,9324,86,1,1
121.2895,25.05972,100020,92,1,1
121.289495,25.06423066,9219,83,1,1
121.2895055,25.06874479,9191,83,1,1
121.2895108,25.07100185,9177,83,1,1
121.2918,24.98297,126307,96,1,1
121.2919087,25.03714067,9476,83,1,1
121.2919195,25.04165489,9424,83,1,1
121.2919625,25.05971167,9246,85,1,1
121.2919891,25.07099701,9178,83,1,1
121.292,25.08003,99733,93,1,1
121.2943,24.98071,126311,96,1,1
121.2944,25.02811,134193,95,1,1
121.2944,25.04616,134194,95,1,1
121.2944243,25.05293553,9302,85,1,1
121.2944297,25.05519262,9280,86,1,1
121.2944351,25.05744971,9265,85,1,1
121.2945,25.06874,100037,93,1,1
121.2944834,25.07776329,45941,92,1,1
121.2945,25.08228,99738,92,1,1
121.2968,25.0281,134197,95,1,1
121.2969,25.04616,134199,95,1,1
121.2969076,25.0551877,9281,85,1,1
121.2989095,24.86106759,49807,92,1,1
121.2993,25.0281,134201,95,1,1
121.2994,25.0439,134202,95,1,1
121.3042,25.01003,126435,96,1,1
121.3065939,24.96488285,10363,85,1,1
121.3069,25.08451,99761,93,1,1
121.3092,25.00551,126439,96,1,1
121.3139928,24.9535818,10480,85,1,1
121.318979,24.96711405,10338,85,1,1
121.3192,25.04611,134206,95,1,1
121.3215,24.99871,126446,96,1,1
121.3215,25.00096,117439,95,1,1
121.3216,25.00774,117440,95,1,1
121.3314,24.97612,98945,93,1,1
121.3298,23.39597,27978,90,1,1
121.3337424,24.93322507,10756,85,1,1
121.3362,24.93999,99020,93,1,1
121.3386866,24.93095694,10783,85,1,1
121.3388,24.96707,98977,93,1,1
121.3389,24.99641,126331,96,1,1
121.339,25.02801,134214,95,1,1
121.3414,25.00543,117447,96,1,1
121.3415,25.03703,117393,95,1,1
121.3437,24.93772,99035,93,1,1
121.3489,25.04379,134229,95,1,1
121.3513,25.01218,134347,95,1,1
121.3514,25.0641,134178,95,1,1
121.3563,25.04151,126389,96,1,1
121.3587,24.99185,134036,95,1,1
121.3612,25.01893,134366,95,1,1
121.3638,25.04826,134184,95,1,1
121.3664,25.09115,99883,93,1,1
121.3686,24.98731,134043,95,1,1
121.3687,25.04825,117375,95,1,1
121.3932198,24.95565217,10462,87,1,1
121.409,23.72086,4180,91,1,1
121.4212,23.70503,24755,85,1,1
121.4213,23.72309,4173,91,1,1
121.4311,25.15642,99272,93,1,1
121.4353284,24.96004673,10418,89,1,1
121.4426,23.49503,27280,90,1,1
121.4482,23.71172,24631,85,1,1
121.5028,25.11105,99610,92,1,1
121.5704,25.25977,100873,93,1,1
121.607,24.6299,100459,93,1,1
121.607,24.63216,100460,93,1,1
121.6393464,24.67040026,12786,85,1,1
121.6494351,24.71098578,429,88,1,1
121.6909,24.60697,100482,93,1,1
121.7304,24.61355,126515,96,1,1
121.7313142,24.76929191,11486,85,1,1
121.7338395,24.77830807,11440,83,1,1
121.7411616,24.76247192,11536,83,1,1
121.7452,24.60445,126538,96,1,1
121.7453418,24.63379555,53808,91,1,1
121.7607036,24.72400355,11846,83,1,1
121.7654254,24.68786525,12397,89,1,1
121.7704077,24.69461108,12237,89,1,1
121.7737289,24.83227853,50633,92,1,1
121.7737428,24.8345356,50560,92,1,1
121.8169,24.62214,101036,92,1,1
121.8169,24.62439,101037,92,1,1
121.8193,24.62212,101040,92,1,1
121.8194,24.62438,101041,92,1,1
121.826,24.50472,126761,96,1,1
121.8932425,24.9422039,10625,83,1,1
